750$,19VDE1F79EE010689,2014 Acura Ilx 20 Tech,#41701243,Copart,США,Ma - West Warren,Insurance company,B / 2523,2023-05-24,14:00:00,Ma - Cert Of Title-salvage,Collision,Rear End,Front End,Engine starts,125294 mi / actual,12383$,19482$,Automobile,2014,Acura,Ilx 20 Tech,Gray,Sedan 4d,Front-wheel Drive,Gas,2.0 L 4 cyl,Automatic
3750$,5J8TB4H55EL017558,2014 Acura Rdx Technology,#40407883,Copart,США,Il - Chicago North,Insurance company,-,2023-06-01,17:00:00,Il - Salvage Certificate,Collision,Front End,-,Run and drive,99155 mi / actual,15191$,9138$,Automobile,2014,Acura,Rdx Technology,Gray,4dr Spor,All Wheel Drive,Gas,3.5 L 6 cyl,Automatic
0$,5J8TB4H36EL016868,2014 Acura Rdx,#47576733,Copart,США,Pa - Pittsburgh West,Insurance company,C / 3003,2023-05-24,14:00:00,Pa - Certificate Of Salvage,Collision,Front End,Side,Stationary,0 mi / not actual,11740$,24159$,Automobile,2014,Acura,Rdx,Charcoal,-,All Wheel Drive,Gas,3.5 L 6 cyl,Automatic
1100$,19VDE1F36EE007889,2014 Acura Ilx 20,#50564493,Copart,США,Nj - Trenton,Third party,-,2023-05-25,01:00:00,Nj - Certificate Of Title,Donation,Front End,-,Stationary,0 mi / not actual,0$,0$,Automobile,2014,Acura,Ilx 20,Silver,-,Front-wheel Drive,Gas,2.0 L 4 cyl,Automatic
1800$,19UUA8F38EA002208,2014 Acura Tl Special Edition,#33365498,IAAI,США,Nc - Raleigh,Insurance company,-,2023-05-20,00:00:00,Nc - Salvage Rebuilt,Collision,Right Rear,Front & Rear,Run and drive,171577 mi / actual,13484$,15058$,Automobile,2014,Acura,Tl Special Edition,White,Sedan 4 Dr.,Front Wheel Drive,Gasoline,3.5 L 6 cyl,Automatic
1900$,5FRYD4H47EB016824,2014 Acura Mdx Tech Pkg,#36473482,IAAI,США,Al - Birmingham,Insurance company,A / 159,2023-05-24,14:30:00,Al - Salvage,Collision,Left Front,-,Engine starts,171054 mi / actual,15468$,0$,Automobile,2014,Acura,Mdx Tech Pkg,Gray,Wagon 4 Dr.,All Wheel Drive,Gasoline,3.5 L 6 cyl,Automatic
2025$,19VDE1F39EE008454,2014 Acura Ilx,#35794415,IAAI,США,Tx - Houston-north,Insurance company,-,2023-06-01,14:30:00,Tx - Non-repairable Flood,Water,Flood,Left Side,Stationary,99642 mi / not actual,13216$,0$,Automobile,2014,Acura,Ilx,Blue,Sedan,Front Wheel Drive,Gasoline,2.0 L 4 cyl,Automatic
200$,5J8TB4H51EL007321,2014 Acura Rdx Technology,#50055543,Copart,США,Nc - Concord,Insurance company,A / 1144,2023-05-25,14:00:00,Nc - Salvage Certificate Of Title,Collision,Front End,Side,Engine starts,106594 mi / not actual,15350$,13609$,Automobile,2014,Acura,Rdx Technology,Silver,-,All Wheel Drive,Gas,3.5 L 6 cyl,Automatic
950$,19VDE1F39EE000774,2014 Acura Ilx,#36109430,IAAI,США,Ga - Atlanta East,Insurance company,-,2023-05-20,00:00:00,Ga - Salvage,Collision,Front End,Unknown,Run and drive,168575 mi / actual,9256$,9591$,Automobile,2014,Acura,Ilx,Blue,Sedan,Front Wheel Drive,Gasoline,2.0 L 4 cyl,Automatic
3700$,5J8TB3H3XEL011876,2014 Acura Rdx,#36174657,IAAI,США,Ar - Fayetteville,Insurance company,-,2023-05-20,00:00:00,Fl - Rebuildable,Collision,Front End,-,Run and drive,112556 mi / actual,14728$,0$,Automobile,2014,Acura,Rdx,Black,Wagon 4 Dr.,Front Wheel Drive,Gasoline,3.5 L 6 cyl,Automatic
4300$,5J8TB3H51EL011945,2014 Acura Rdx Tech Pkg,#36184545,IAAI,США,Ar - Fayetteville,Insurance company,-,2023-05-20,00:00:00,Ar - Clear,Collision,Rear,Front End,Run and drive,200521 mi / actual,12159$,0$,Automobile,2014,Acura,Rdx Tech Pkg,Silver,Wagon 4 Dr.,Front Wheel Drive,Gasoline,3.5 L 6 cyl,Automatic
5925$,19VDE1F34EE013738,2014 Acura Ilx,#36499387,IAAI,США,Wa - Seattle,Insurance company,B / 190,2023-05-24,16:30:00,Wa - Bill Of Sale,Collision,Rear,-,Run and drive,95171 mi / actual,14876$,0$,Automobile,2014,Acura,Ilx,Silver,Sedan,Front Wheel Drive,Gasoline,2.0 L 4 cyl,Automatic
6100$,JH4KC1F33EC002577,2014 Acura Rlx,#51459413,Copart,США,Fl - Jacksonville North,Insurance company,B / 2093,2023-05-24,14:00:00,Fl - Cert Of Title Slvg Rebuildable,Collision,Rear End,-,Run and drive,88940 mi / actual,16000$,12897$,Automobile,2014,Acura,Rlx,Silver,Sedan 4d,Front-wheel Drive,Gas,3.5 L 6 cyl,Automatic
3250$,5J8TB4H37EL804252,2014 Acura Rdx,#20116180,IAAI CA,Канада,Winnipeg,Insurance company,2 / 351,2023-05-24,14:00:00,Mb - Salvageable,Collision,Rear,Right Side,Engine starts,158275 km / actual,20812$,21393$,Passenger Car,2014,Acura,Rdx,White,-,-,Gas,6 cyl,Auto
7975$,5FRYD3H43EB012280,2014 Acura Mdx Tech Pkg,#36453911,IAAI,США,Tx - Dallas,Insurance company,C / 44,2023-05-24,14:30:00,Tx - Salvage Title,Collision,Left Side,-,Run and drive,92290 mi / actual,16409$,0$,Automobile,2014,Acura,Mdx Tech Pkg,Black,Wagon 4 Dr.,Front Wheel Drive,Gasoline,3.5 L 6 cyl,Automatic
5225$,5FRYD3H29EB006174,2014 Acura Mdx,#36230095,IAAI,США,Tx - Dallas,Insurance company,C / 18,2023-05-24,14:30:00,Tx - Salvage Title,Collision,Left Front,-,Run and drive,112792 mi / actual,17729$,0$,Automobile,2014,Acura,Mdx,Black,Wagon 4 Dr.,Front Wheel Drive,Gasoline,3.5 L 6 cyl,Automatic
5225$,5J8TB4H51EL014544,2014 Acura Rdx Tech Pkg,#34814071,IAAI,США,Wa - Seattle,Insurance company,B / 133,2023-05-24,16:30:00,Wa - Clear,Theft,Front End,Biohazard,Engine starts,128542 mi / not actual,16101$,0$,Automobile,2014,Acura,Rdx Tech Pkg,Silver,Wagon 4 Dr.,All Wheel Drive,Gasoline,3.5 L 6 cyl,Automatic
1100$,19VDE1F77EE400951,2014 Acura Ilx 20 Tech,#11741899,IAAI CA,Канада,On - Hamilton,Insurance company,2 / 828,2023-05-25,13:00:00,On - Salvage,Collision,Front,Right Front,Stationary,275000 km / actual,15165$,23297$,Passenger Car,2014,Acura,Ilx 20 Tech,Blue,-,-,-,2.0 L 4 cyl,Auto
5025$,JH4CU2F65EC000122,2014 Acura Tsx Tech Pkg,#35877247,IAAI,США,In - Indianapolis,Insurance company,C / 192,2023-05-24,13:30:00,In - Clear,Collision,Right Front,Undercarriage,Engine starts,108631 mi / actual,14275$,12745$,Automobile,2014,Acura,Tsx Tech Pkg,Black,Sedan 4 Dr.,Front Wheel Drive,Gasoline,2.4 L 4 cyl,Automatic
4125$,5FRYD3H27EB015388,2014 Acura Mdx,#36369908,IAAI,США,Tn - Nashville,Insurance company,-,2023-05-22,02:00:00,Tn - Salvage,Collision,Right Front,-,Stationary,1 mi / inoperable digital dash,18296$,12718$,Automobile,2014,Acura,Mdx,Gray,Wagon 4 Dr.,Front Wheel Drive,Gasoline,3.5 L 6 cyl,Automatic
0$,19VDE1F31EE009968,2014 Acura Ilx 20,#50697783,Copart,США,Ky - Louisville,Insurance company,-,2023-05-25,14:00:00,Ky - Bill Of Sale/part Only/no Titl,Collision,Front End,Minor Dent/scratches,Run and drive,140919 mi / actual,6523$,8967$,Automobile,2014,Acura,Ilx 20,Black,-,Front-wheel Drive,Gas,2.0 L 4 cyl,Automatic
3150$,5J8TB3H35EL008884,2014 Acura Rdx,#36029499,IAAI,США,Nc - Greensboro,Insurance company,A / 106,2023-05-25,13:30:00,Nc - Salvage Rebuilt,Collision,Right Side,Unknown,Run and drive,136200 mi / actual,12240$,0$,Automobile,2014,Acura,Rdx,Black,Wagon 4 Dr.,Front Wheel Drive,Gasoline,3.5 L 6 cyl,Automatic
0$,5J8TB4H56EL004866,2014 Acura Rdx Technology,#51346533,Copart,США,Ca - Antelope,Insurance company,C / 3115,2023-05-25,19:00:00,Ca - Salvage Certificate,Collision,Front End,-,Stationary,120529 mi / actual,15428$,18917$,Automobile,2014,Acura,Rdx Technology,Charcoal,-,All Wheel Drive,Gas,3.5 L 6 cyl,Automatic
0$,19UUA8F30EA005930,2014 Acura Tl Se,#59367741,Copart,США,Nm - Albuquerque,Third party,B / 2106,2023-05-25,18:00:00,Nm - Non-repairable Vehicle Cert,Theft,Vandalism,Missing/altered Vin,Run and drive,170920 mi / actual,9280$,1694$,Automobile,2014,Acura,Tl Se,White,Sedan 4d,Front-wheel Drive,Gas,3.5 L 6 cyl,Automatic
5000$,JH4KC1F30C0026039,2014 Acura 3.5rlx,#7568208,Auction Wini,Южная Корея,Gyeonggi-do - Icheon,-,4 / 583,2023-05-23,13:00:00,-,-,Normal Wear,-,Run and drive,93428 km,7500$,0$,Automobile,2014,Acura,3.5rlx,-,-,4 Wheel Drive,Gasoline,3.5 L 6 cyl,Automatic
8200$,5FRYD4H40EB026367,2014 Acura Mdx Technology,#49095273,Copart,США,Or - Eugene,Insurance company,A / 85,2023-05-23,19:00:00,Or - Salvage Title Certificate,Collision,Side,Minor Dent/scratches,Run and drive,69789 mi / actual,22174$,20095$,Automobile,2014,Acura,Mdx Technology,White,-,All Wheel Drive,Gas,3.5 L 6 cyl,Automatic
1100$,5FRYD4H20EB029428,2014 Acura Mdx,#50355923,Copart,США,Fl - Miami South,Third party,-,2023-05-23,01:00:00,Tn - Salvage Certificate,Cds Vehicle,All Over,-,Stationary,173267 mi / actual,19876$,0$,Automobile,2014,Acura,Mdx,Charcoal,4dr Spor,All Wheel Drive,Gas,3.5 L 6 cyl,Automatic
2575$,JH4KC1F3XEC004035,2014 Acura Rlx,#36192125,IAAI,США,Ca - San Diego,Insurance company,-,2023-05-18,00:00:00,Ca - Salvage Certificate,Collision,Front End,Unknown,Run and drive,80138 mi / actual,17626$,17626$,Automobile,2014,Acura,Rlx,Black,Sedan 4 Dr.,Front Wheel Drive,Gasoline,3.5 L 6 cyl,Automatic
1950$,19UUA8F56EA003195,2014 Acura Tl Tech,#36448585,IAAI,США,Ny - Long Island,Insurance company,C / 85,2023-05-24,00:00:00,Ny - Mv-907a,Collision,Front End,-,Run and drive,160584 mi / not actual,11721$,10052$,Automobile,2014,Acura,Tl Tech,White,Sedan 4 Dr.,Front Wheel Drive,Gasoline,3.5 L 6 cyl,Automatic
0$,JH4CU2F68EC005668,2014 Acura Tsx Tech,#46922543,Copart,США,Ca - San Diego,Third party,A / 147,2023-05-23,19:00:00,Ca - Cert Of Title Or Salvage Acq,Repossession,Side,Rear End,Run and drive,123332 mi / actual,11620$,16471$,Automobile,2014,Acura,Tsx Tech,Black,-,Front-wheel Drive,Gas,2.4 L 4 cyl,Automatic
2550$,JH4KC1F32EC002828,2014 Acura Rlx,#36571978,IAAI,США,Tx - Austin,Third party,-,2023-05-18,00:00:00,Tx - Salvage Title,Collision,Front End,-,Run and drive,144232 mi / not actual,14925$,0$,Automobile,2014,Acura,Rlx,Black,Sedan 4 Dr.,Front Wheel Drive,Gasoline,3.5 L 6 cyl,Automatic
4325$,5FRYD3H87EB020949,2014 Acura Mdx Advance/entertainment Pkg,#35523450,IAAI,США,Tx - Austin,Insurance company,A / 88,2023-05-24,00:00:00,Tx - Salvage Title,Collision,Right Side,Suspension,Run and drive,158086 mi / actual,17618$,0$,Automobile,2014,Acura,Mdx Advance/entertainment Pkg,Silver,Wagon 4 Dr.,Front Wheel Drive,Gasoline,3.5 L 6 cyl,Automatic
8000$,5J8TB3H57EL015093,2014 Acura Rdx Tech Pkg,#36580156,IAAI,США,Al - Huntsville,Third party,-,2023-05-17,00:00:00,Al - Salvage,Other,None,Unknown,Run and drive,98367 mi / actual,11075$,0$,Automobile,2014,Acura,Rdx Tech Pkg,White,Wagon 4 Dr.,Front Wheel Drive,Gasoline,3.5 L 6 cyl,Automatic
2850$,19UUA8F56EA005514,2014 Acura Tl Tech,#36543506,IAAI,США,Ca - Fontana,Insurance company,-,2023-05-19,00:00:00,Ca - Salvage Certificate,Collision,Rear,-,Run and drive,169928 mi / actual,13669$,0$,Automobile,2014,Acura,Tl Tech,Gray,Sedan 4 Dr.,Front Wheel Drive,Gasoline,3.5 L 6 cyl,Automatic
4525$,JH4KC1F59EC003492,2014 Acura Rlx Tech Pkg,#36071823,IAAI,США,Ca - Fontana,Insurance company,D / 129,2023-05-24,00:00:00,Ca - Salvage Certificate,Collision,Left Side,None,Run and drive,106120 mi / actual,17070$,16054$,Automobile,2014,Acura,Rlx Tech Pkg,Gray,Sedan 4 Dr.,Front Wheel Drive,Gasoline,3.5 L 6 cyl,Automatic
1550$,JH4CU2E80EC004792,2014 Acura Tsx Se,#47101113,Copart,США,Ca - So Sacramento,Insurance company,B / 2642,2023-05-22,19:00:00,Ca - Salvage Certificate,Water,Water/flood,Front End,Stationary,126526 mi / actual,5588$,0$,Automobile,2014,Acura,Tsx Se,White,-,Front-wheel Drive,Gas,2.4 L 4 cyl,Automatic
3900$,19VDE1F38EE008235,2014 Acura Ilx 20,#51499323,Copart,США,Ok - Oklahoma City,Insurance company,A / 6,2023-05-23,17:00:00,Ok - Cert Of Title-salvage Flood,Water,Water/flood,Minor Dent/scratches,Run and drive,135263 mi / actual,12392$,7435$,Automobile,2014,Acura,Ilx 20,Blue,-,Front-wheel Drive,Gas,2.0 L 4 cyl,Automatic
225$,19UUA8F24EA004528,2014 Acura Tl,#46547253,Copart,США,Wa - North Seattle,Insurance company,A / 1136,2023-05-22,19:00:00,Wa - Bill Of Sale,Collision,Front End,Rear End,Stationary,124606 mi / actual,11770$,16888$,Automobile,2014,Acura,Tl,Black,-,Front-wheel Drive,Gas,3.5 L 6 cyl,Automatic
0$,JH4KC1F92EC004003,2014 Acura Rlx Advance Pkg,#35805464,IAAI,США,Sd - Sioux Falls,Insurance company,A / 67,2023-05-23,14:30:00,Sd - Regular - Salvage,Collision,Front End,-,Engine starts,100740 mi / actual,17498$,0$,Automobile,2014,Acura,Rlx Advance Pkg,White,Sedan 4 Dr.,Front Wheel Drive,Gasoline,3.5 L 6 cyl,Automatic
0$,19VDE1F35EE014526,2014 Acura Ilx,#34664878,IAAI,США,Co - Denver East,Insurance company,B / 86,2023-05-23,15:30:00,Co - Bill Of Sale Parts Only,Collision,Front End,Left & Right Side,Stationary,1 mi / not actual,12730$,10419$,Automobile,2014,Acura,Ilx,Silver,Sedan,Front Wheel Drive,Gasoline,2.0 L 4 cyl,Automatic
3125$,19VDE1F34EE007177,2014 Acura Ilx,#36171642,IAAI,США,Ma - Taunton,Insurance company,-,2023-05-18,01:34:00,Ma - Salvage Repairable-collision,Collision,Front End,Unknown,Stationary,79842 mi / actual,14871$,13392$,Automobile,2014,Acura,Ilx,White,Sedan,Front Wheel Drive,Gasoline,2.0 L 4 cyl,Automatic
2650$,19VDE1F3XEE009631,2014 Acura Ilx 20,#51822433,Copart,США,Ca - Martinez,Insurance company,-,2023-05-22,19:00:00,Ca - Salvage Certificate,Collision,Undercarriage,Front End,Run and drive,301832 mi / actual,8626$,8962$,Automobile,2014,Acura,Ilx 20,Black,-,Front-wheel Drive,Gas,2.0 L 4 cyl,Automatic
2100$,5FRYD3H49EB005754,2014 Acura Mdx Technology,#48213113,Copart,США,Al - Birmingham,Insurance company,E / 5119,2023-05-23,17:00:00,Al - Cert Of Title-salvage Title (p),Property Damage,Front End,-,Run and drive,191215 mi / actual,11551$,9634$,Automobile,2014,Acura,Mdx Technology,Silver,-,Front-wheel Drive,Gas,3.5 L 6 cyl,Automatic
1750$,19VDE1F33EE001287,2014 Acura Ilx 20,#69049092,Copart,США,Fl - Punta Gorda South,Insurance company,-,2023-05-23,14:00:00,Fl - Cert Of Title Slvg Rebuildable,Wind,Front End,-,Engine starts,119040 mi / actual,11346$,0$,Automobile,2014,Acura,Ilx 20,Charcoal,-,Front-wheel Drive,Gas,2.0 L 4 cyl,Automatic
4050$,5J8TB4H3XEL015836,2014 Acura Rdx,#51678583,Copart,США,Az - Phoenix,Insurance company,C / 3078,2023-05-22,19:00:00,Az - Cert Of Title - Salvage,Collision,Front End,Undercarriage,Engine starts,150748 mi / actual,16233$,14350$,Automobile,2014,Acura,Rdx,White,-,All Wheel Drive,Gas,3.5 L 6 cyl,Automatic
3575$,19UUA8F51EA003590,2014 Acura Tl Tech,#36569793,IAAI,США,Oh - Columbus,Insurance company,B / 65,2023-05-24,13:30:00,Oh - Salvage,Collision,Front & Rear,-,Run and drive,81891 mi / actual,15517$,0$,Automobile,2014,Acura,Tl Tech,Black,Sedan 4 Dr.,Front Wheel Drive,Gasoline,3.5 L 6 cyl,Automatic
0$,5FRYD4H43EB504393,2014 Acura Mdx Technology,#11694974,IAAI CA,Канада,Montreal,-,2 / 194,2023-05-23,14:00:00,Qc - V.g.a,Collision,Front,Right Front,Run and drive,153020 km / actual,23185$,25376$,Suv,2014,Acura,Mdx Technology,Black,-,-,-,3.5 L 6 cyl,Auto
1250$,19VDE1F70EE004229,2014 Acura Ilx 20 Tech,#45799063,Copart,США,Md - Baltimore East,Third party,C / 3062,2023-05-23,14:00:00,Md - Parts Only-no Title Letter,Collision,Side,Minor Dent/scratches,Stationary,0 mi / not actual,12922$,12922$,Automobile,2014,Acura,Ilx 20 Tech,Silver,-,Front-wheel Drive,Gas,2.0 L 4 cyl,Automatic
4350$,5J8TB3H37EL017988,2014 Acura Rdx,#70373022,Copart,США,Co - Denver,Insurance company,A / 26,2023-05-18,18:00:00,Co - Public - Salvage Title,Collision,Side,Minor Dent/scratches,Run and drive,131905 mi / actual,14699$,18633$,Automobile,2014,Acura,Rdx,Black,-,Front-wheel Drive,Gas,3.5 L 6 cyl,Automatic
2000$,5J8TB3H52EL017415,2014 Acura Rdx Technology,#45442113,Copart,США,Tx - Houston,Third party,-,2023-05-19,17:00:00,Tx - Cert Of Title-rebuilt Salvage,Cds Vehicle,Damage History,-,Run and drive,124337 mi / actual,0$,0$,Automobile,2014,Acura,Rdx Technology,Black,4dr Spor,Front-wheel Drive,Gas,3.5 L 6 cyl,Automatic
2000$,19UUA8F53EA006961,2014 Acura Tl Tech,#46255773,Copart,США,Al - Montgomery,Insurance company,B / 2011,2023-05-14,00:00:00,Al - Cert Of Title-salvage Title,Collision,Front End,Rear End,Run and drive,92226 mi / actual,17787$,13339$,Automobile,2014,Acura,Tl Tech,White,-,Front-wheel Drive,Gas,3.5 L 6 cyl,Automatic
4050$,5FRYD3H45EB011809,2014 Acura Mdx Technology,#46802853,Copart,США,Ky - Lexington East,Insurance company,A / 30,2023-05-22,14:00:00,Ky - Cert Of Title-salvage,Collision,Front End,Minor Dent/scratches,Run and drive,155689 mi / actual,16116$,9925$,Automobile,2014,Acura,Mdx Technology,White,-,Front-wheel Drive,Gas,3.5 L 6 cyl,Automatic
6500$,5FRYD4H49EB020101,2014 Acura Mdx Technology,#47963533,Copart,США,Nv - Las Vegas,Insurance company,-,2023-05-18,19:00:00,Nv - Salvage Title,Vandalism,Vandalism,-,Run and drive,112262 mi / actual,20390$,13216$,Automobile,2014,Acura,Mdx Technology,Silver,-,All Wheel Drive,Gas,3.5 L 6 cyl,Automatic
4250$,5FRYD4H44EB045309,2014 Acura Mdx Technology,#49140643,Copart,США,Nv - Las Vegas,Insurance company,-,2023-05-18,19:00:00,Nv - Salvage Title,Collision,Front End,-,Run and drive,104354 mi / actual,21108$,21108$,Automobile,2014,Acura,Mdx Technology,Silver,-,All Wheel Drive,Gas,3.5 L 6 cyl,Automatic
8500$,5FRYD4H49EB026593,2014 Acura Mdx Technology,#50395263,Copart,США,Ma - North Boston,Third party,A / 75,2023-05-19,00:00:00,In - Certificate Of Title (p),Cds Vehicle,Minor Dent/scratches,-,Run and drive,206200 mi / actual,0$,0$,Automobile,2014,Acura,Mdx Technology,Black,4dr Spor,All Wheel Drive,Gas,3.5 L 6 cyl,Automatic
2550$,JH4CU2F42EC001338,2014 Acura Tsx,#49357123,Copart,США,Ga - Fairburn,Insurance company,B / 2527,2023-05-22,14:00:00,Ga - Cert Of Title-salvage,Collision,Undercarriage,-,Engine starts,90851 mi / actual,15150$,12774$,Automobile,2014,Acura,Tsx,White,-,Front-wheel Drive,Gas,2.4 L 4 cyl,Automatic
1600$,19VDE1F34EE002206,2014 Acura Ilx 20,#45932073,Copart,США,Sc - Spartanburg,Insurance company,A / 103,2023-05-22,14:00:00,Sc - Cert Of Title-salvage,Collision,Front End,-,Run and drive,98495 mi / actual,12971$,12971$,Automobile,2014,Acura,Ilx 20,Black,Sedan 4d,Front-wheel Drive,Gas,2.0 L 4 cyl,Automatic
2675$,JH4CU2F67EC004009,2014 Acura Tsx Tech Pkg,#34565029,IAAI,США,Ga - Macon,Insurance company,A / 101,2023-05-22,00:00:00,Ga - Bill Of Sale Parts Only,Collision,Rear,Left Rear,Run and drive,110268 mi / actual,14753$,14527$,Automobile,2014,Acura,Tsx Tech Pkg,Black,Sedan 4 Dr.,Front Wheel Drive,Gasoline,2.4 L 4 cyl,Automatic
1775$,19VDE1F35EE001081,2014 Acura Ilx,#36420527,IAAI,США,Ca - San Diego,Insurance company,-,2023-05-15,16:30:00,Ca - Salvage Certificate,Collision,Front End,Unknown,Run and drive,1 mi / inoperable digital dash,12920$,0$,Automobile,2014,Acura,Ilx,Black,Sedan,Front Wheel Drive,Gasoline,2.0 L 4 cyl,Automatic
3050$,JH4CU2F6XEC001444,2014 Acura Tsx Tech,#50821163,Copart,США,Va - Danville,Third party,A / 6,2023-05-19,14:00:00,Va - Cert Of Title - Salvage,Hail,Hail,-,Run and drive,173021 mi / actual,10030$,0$,Automobile,2014,Acura,Tsx Tech,White,-,Front-wheel Drive,Gas,2.4 L 4 cyl,Automatic
2575$,19VDE1F30EE000713,2014 Acura Ilx,#36211227,IAAI,США,Ma - Templeton,Insurance company,-,2023-05-15,00:34:00,Ma - Salvage Repairable-collision,Collision,Left Rear,Left Side,Run and drive,53512 mi / actual,16898$,0$,Automobile,2014,Acura,Ilx,Black,Sedan,Front Wheel Drive,Gasoline,2.0 L 4 cyl,Automatic
2850$,5FRYD4H41EB025762,2014 Acura Mdx Technology,#47947603,Copart,США,Ca - Rancho Cucamonga,Insurance company,-,2023-05-18,19:00:00,Ca - Salvage Certificate,Collision,Front End,-,Run and drive,89921 mi / actual,21628$,20161$,Automobile,2014,Acura,Mdx Technology,Black,-,All Wheel Drive,Gas,3.5 L 6 cyl,Automatic
975$,19UUA9F5XEA002783,2014 Acura Tl Tech,#36478989,IAAI,США,Mi - Grand Rapids,Insurance company,B / 81,2023-05-22,13:30:00,Mi - Salvage,Other,Front End,-,Run and drive,183116 mi / actual,10769$,7277$,Automobile,2014,Acura,Tl Tech,Dark Blue,Sedan 4 Dr.,All Wheel Drive,Gasoline,3.7 L 6 cyl,Automatic
2675$,19VDE1F54EE009223,2014 Acura Ilx Premium Pkg,#36394031,IAAI,США,Nj - Englishtown,Insurance company,A / 54,2023-05-22,13:30:00,Nj - Salvage,Collision,Front End,Left & Right Side,Run and drive,88076 mi / actual,14975$,12798$,Automobile,2014,Acura,Ilx Premium Pkg,Red,Sedan,Front Wheel Drive,Gasoline,2.0 L 4 cyl,Automatic
425$,19UUA8F53EA008466,2014 Acura Tl Tech,#37952503,Copart,США,Ma - North Boston,Insurance company,A / 177,2023-05-19,14:00:00,Ma - Cert Of Title-parts Only Salva,Collision,Side,Minor Dent/scratches,Run and drive,161372 mi / actual,12215$,9986$,Automobile,2014,Acura,Tl Tech,White,-,Front-wheel Drive,Gas,3.5 L 6 cyl,Automatic
125$,5J8TB4H55EL003904,2014 Acura Rdx Technology,#50099943,Copart,США,Ma - South Boston,Insurance company,A / 111,2023-05-22,14:00:00,Ma - Cert Of Title-salvage,Collision,Front End,-,Run and drive,143122 mi / actual,12572$,9296$,Automobile,2014,Acura,Rdx Technology,Black,4dr Spor,All Wheel Drive,Gas,3.5 L 6 cyl,Automatic
4000$,19UUA8F39EA004422,2014 Acura Tl Se,#50365843,Copart,США,Pa - York Haven,Insurance company,A / 26,2023-05-22,14:00:00,Pa - Certificate Of Salvage,Other,Front End,-,Run and drive,88545 mi / actual,15655$,13545$,Automobile,2014,Acura,Tl Se,Silver,-,Front-wheel Drive,Gas,3.5 L 6 cyl,Automatic
5800$,19VDE3F73EE300194,2014 Acura Ilx Hybrid Tech,#37397473,Copart,США,Mi - Ionia,Insurance company,D / 4012,2023-05-19,14:00:00,In - Certificate Of Title,Other,Side,Front End,Run and drive,111511 mi / actual,13992$,0$,Automobile,2014,Acura,Ilx Hybrid Tech,Brown,Sedan 4d,Front-wheel Drive,Hybrid Engine,1.5 L 4 cyl,Ecvt Automatic
775$,5FRYD4H42EB506717,2014 Acura Mdx Nav Pkg,#11738728,IAAI CA,Канада,On - Toronto (oshawa),-,2 / 2504,2023-05-19,13:00:00,On - Salvage,Collision,Roll Over,Possible Mech.,Stationary,161946 km / actual,17985$,36956$,Light Truck,2014,Acura,Mdx Nav Pkg,White,-,-,-,3.5 L 6 cyl,Auto
0$,5FRYD4H20EB028831,2014 Acura Mdx,#50527793,Copart,США,Fl - Orlando North,Insurance company,-,2023-06-05,14:00:00,Fl - Cert Of Title Slvg Rebuildable,Other,Top/roof,-,Run and drive,74169 mi / actual,17674$,13989$,Automobile,2014,Acura,Mdx,Charcoal,-,All Wheel Drive,Gas,3.5 L 6 cyl,Automatic
6500$,5FRYD4H2XEB004472,2014 Acura Mdx,#50686903,Copart,США,Ca - San Diego,Third party,-,2023-05-20,00:00:00,Ca - Dis/dlr/exp Only Clean Title (p),Cds Vehicle,Side,Front End,Run and drive,164198 mi / actual,0$,0$,Automobile,2014,Acura,Mdx,White,4dr Spor,All Wheel Drive,Gas,3.5 L 6 cyl,Automatic
4975$,19VDE1F31EE013177,2014 Acura Ilx,#36584957,IAAI,США,Ca - San Diego,Insurance company,B / 243,2023-05-22,16:30:00,Ca - Salvage Certificate,Collision,Left Front,Right Front,Run and drive,110985 mi / not actual,13543$,0$,Automobile,2014,Acura,Ilx,White,Sedan,Front Wheel Drive,Gasoline,2.0 L 4 cyl,Automatic
2900$,5FRYD4H4XEB042415,2014 Acura Mdx Technology,#41353443,Copart,США,Nc - Raleigh,Insurance company,B / 2572,2023-05-18,14:00:00,Nc - Salvage Certificate Of Title,Collision,Front End,-,Engine starts,78210 mi / actual,18631$,12510$,Automobile,2014,Acura,Mdx Technology,Charcoal,-,All Wheel Drive,Gas,3.5 L 6 cyl,Automatic
1100$,19VDE1F73EE008985,2014 Acura Ilx 20 Tech,#45507833,Copart,США,Nc - Mocksville,Insurance company,A / 1108,2023-05-17,14:00:00,Nc - Salvage Certificate Of Title,Collision,All Over,Undercarriage,Stationary,0 mi / not actual,10014$,15216$,Automobile,2014,Acura,Ilx 20 Tech,Maroon,-,Front-wheel Drive,Gas,2.0 L 4 cyl,Automatic
3550$,5FRYD3H69EB010793,2014 Acura Mdx Technology,#45414143,Copart,США,Al - Tanner,Insurance company,C / 3141,2023-05-17,17:00:00,Al - Cert Of Title-salvage Title,Property Damage,Front End,-,Run and drive,129190 mi / actual,15711$,8490$,Automobile,2014,Acura,Mdx Technology,Burgundy,-,Front-wheel Drive,Gas,3.5 L 6 cyl,-
650$,19UUA8F54EA000103,2014 Acura Tl Tech,#36135848,IAAI,США,Nc - Raleigh,Insurance company,C / 212,2023-05-17,13:30:00,Nc - Salvage Rebuilt,Collision,Front & Rear,Right Side,Stationary,109117 mi / actual,14661$,12816$,Automobile,2014,Acura,Tl Tech,White,Sedan 4 Dr.,Front Wheel Drive,Gasoline,3.5 L 6 cyl,Automatic
2800$,5J8TB4H32EL006757,2014 Acura Rdx,#48877023,Copart,США,Ri - Exeter,Insurance company,-,2023-05-18,14:00:00,Ri - Salvage Certificate Of Title,Collision,Rear End,-,Run and drive,184889 mi / actual,9022$,8100$,Automobile,2014,Acura,Rdx,Red,4dr Spor,All Wheel Drive,Gas,3.5 L 6 cyl,Automatic
2500$,5FRYD4H64EB035106,2014 Acura Mdx Technology,#49493313,Copart,США,Ma - North Boston,Insurance company,C / 3168,2023-05-17,14:00:00,Ma - Cert Of Title-salvage,Collision,Front End,Frame Damage,Stationary,0 mi / not actual,17524$,33353$,Automobile,2014,Acura,Mdx Technology,Silver,-,All Wheel Drive,Gas,3.5 L 6 cyl,Automatic
2200$,5J8TB4H55EL016958,2014 Acura Rdx Tech Pkg,#36245220,IAAI,США,Or - Portland,Insurance company,A / 96,2023-05-18,00:00:00,Or - Salvage,Collision,All Over,-,Stationary,1 mi / inoperable digital dash,16392$,0$,Automobile,2014,Acura,Rdx Tech Pkg,Black,Wagon 4 Dr.,All Wheel Drive,Gasoline,3.5 L 6 cyl,Automatic
1600$,5J8TB4H51EL017251,2014 Acura Rdx Tech Pkg,#36437101,IAAI,США,Ny - Newburgh,Insurance company,-,2023-05-11,09:35:48,Ny - Mv-907a,Collision,Front End,All Over,Stationary,150439 mi / actual,11914$,11914$,Automobile,2014,Acura,Rdx Tech Pkg,Burgundy,Wagon 4 Dr.,All Wheel Drive,Gasoline,3.5 L 6 cyl,Automatic
3900$,5J8TB3H33EL011847,2014 Acura Rdx,#49743993,Copart,США,Ga - Cartersville,Third party,B / 2038,2023-05-18,14:00:00,Ga - Cert Of Title-salvage,Collision,Front End,-,Run and drive,125486 mi / actual,15764$,15764$,Automobile,2014,Acura,Rdx,Black,-,Front-wheel Drive,Gas,3.5 L 6 cyl,Automatic
7600$,5FRYD4H4XEB023475,2014 Acura Mdx Technology,#50937843,Copart,США,Ma - North Boston,Third party,A / 3,2023-05-17,14:00:00,Ny - Certificate Of Title (p),Cds Vehicle,Normal Wear,-,Run and drive,182225 mi / actual,0$,0$,Automobile,2014,Acura,Mdx Technology,Charcoal,4dr Spor,All Wheel Drive,Gas,3.5 L 6 cyl,Automatic
3775$,JH4KC1F51EC006032,2014 Acura Rlx Tech Pkg,#36441381,IAAI,США,Wa - Seattle,Insurance company,-,2023-05-12,00:00:00,Wa - Bill Of Sale,Collision,Front End,-,Run and drive,59135 mi / actual,18943$,0$,Automobile,2014,Acura,Rlx Tech Pkg,Burgundy,Sedan 4 Dr.,Front Wheel Drive,Gasoline,3.5 L 6 cyl,Automatic
1500$,JH4KC1F30EC002844,2014 Acura Rlx,#43019683,Copart,США,Va - Fredericksburg,Insurance company,A / 43,2023-05-17,14:00:00,Va - Cert Of Title - Salvage,Collision,Front End,Rear End,Run and drive,112424 mi / actual,14385$,17145$,Automobile,2014,Acura,Rlx,Black,-,Front-wheel Drive,Gas,3.5 L 6 cyl,Automatic
5700$,5FRYD4H4XEB047288,2014 Acura Mdx Tech Pkg,#36239117,IAAI,США,Ut - Salt Lake City,Insurance company,-,2023-05-12,07:54:16,Ut - Salvage,Collision,Rear,Right Side,Run and drive,156499 mi / actual,15221$,17234$,Automobile,2014,Acura,Mdx Tech Pkg,Black,Wagon 4 Dr.,All Wheel Drive,Gasoline,3.5 L 6 cyl,Automatic
3500$,19VDE1F3XEE003635,2014 Acura Ilx 20,#50745813,Copart,США,Ca - Rancho Cucamonga,Insurance company,-,2023-05-16,19:00:00,Ca - Salvage Certificate,Other,Front End,-,Run and drive,108839 mi / actual,13729$,13708$,Automobile,2014,Acura,Ilx 20,Silver,-,Front-wheel Drive,Gas,2.0 L 4 cyl,Automatic
4725$,5J8TB4H33EL001051,2014 Acura Rdx,#35564633,IAAI,США,Nh - Manchester,Insurance company,A / 33,2023-05-17,13:30:00,Ma - Salvage Repairable-flood,Water,Fresh Water,Electrical,Stationary,58548 mi / actual,20113$,8065$,Automobile,2014,Acura,Rdx,Black,Wagon 4 Dr.,All Wheel Drive,Gasoline,3.5 L 6 cyl,Automatic
1850$,5J8TB4H36EL008561,2014 Acura Rdx,#51205873,Copart,США,Pa - Pittsburgh West,Insurance company,B / 2037,2023-05-17,14:00:00,Pa - Certificate Of Salvage,Collision,Side,Front End,Run and drive,114223 mi / actual,13432$,20626$,Automobile,2014,Acura,Rdx,Charcoal,-,All Wheel Drive,Gas,3.5 L 6 cyl,Automatic
3200$,5J8TB4H50EL023347,2014 Acura Rdx Technology,#50080803,Copart,США,Ma - South Boston,Insurance company,A / 15,2023-05-18,14:00:00,Ma - Cert Of Title-salvage,Collision,Front End,Rear End,Run and drive,80072 mi / actual,17538$,19221$,Automobile,2014,Acura,Rdx Technology,Gray,-,All Wheel Drive,Gas,3.5 L 6 cyl,Automatic
1125$,19VDE1F37EE012132,2014 Acura Ilx,#36480175,IAAI,США,Tx - Houston,Third party,B / 128,2023-05-17,14:30:00,Tx - Original,Other,Right Front,Undercarriage,Run and drive,141795 mi / actual,0$,0$,Automobile,2014,Acura,Ilx,White,Sedan,Front Wheel Drive,Gasoline,2.0 L 4 cyl,Automatic
6925$,19UUA8F58EA003067,2014 Acura Tl Tech,#36028039,IAAI,США,Tx - Dallas,Insurance company,C / 72,2023-05-17,14:30:00,Tx - Salvage Title,Collision,Left & Right Side,Unknown,Run and drive,86121 mi / actual,11416$,10565$,Automobile,2014,Acura,Tl Tech,Gray,Sedan 4 Dr.,Front Wheel Drive,Gasoline,3.5 L 6 cyl,Automatic
0$,5FRYD3H43EB002283,2014 Acura Mdx Tech Pkg,#36536174,IAAI,США,Ca - Los Angeles,Insurance company,-,2023-05-18,16:30:00,Ca - Salvage Certificate,Water,Unknown,-,Run and drive,1 mi / inoperable digital dash,17977$,0$,Automobile,2014,Acura,Mdx Tech Pkg,Gray,Wagon 4 Dr.,Front Wheel Drive,Gasoline,3.5 L 6 cyl,Automatic
3025$,19VDE1F37EE005326,2014 Acura Ilx,#36541575,IAAI,США,Oh - Columbus,Insurance company,C / 42,2023-05-17,13:30:00,Oh - Salvage,Collision,Right Front,None,Engine starts,130933 mi / actual,12632$,0$,Automobile,2014,Acura,Ilx,Black,Sedan,Front Wheel Drive,Gasoline,2.0 L 4 cyl,Automatic
1350$,JH4CU2F41EC001296,2014 Acura Tsx,#35337793,IAAI,США,Ok - Oklahoma City,Third party,C / 46,2023-05-17,14:30:00,Mo - Repossessed,Other,Front End,-,Run and drive,258381 mi / actual,9475$,0$,Automobile,2014,Acura,Tsx,Black,Sedan 4 Dr.,Front Wheel Drive,Gasoline,2.4 L 4 cyl,Automatic
6900$,5J8TB4H55EL002123,2014 Acura Rdx Technology,#46851513,Copart,США,Pa - Philadelphia East-sublot,Insurance company,A / 16,2023-05-17,14:00:00,Pa - Certificate Of Salvage,Collision,Rear End,Side,Run and drive,66111 mi / actual,18629$,11341$,Automobile,2014,Acura,Rdx Technology,Silver,-,All Wheel Drive,Gas,3.5 L 6 cyl,Automatic
4275$,5FRYD4H23EB023610,2014 Acura Mdx,#36096490,IAAI,США,Ks - Kansas City,Insurance company,B / 158,2023-05-17,14:30:00,Ks - Salvage,Collision,Front & Rear,Right Front,Run and drive,99939 mi / actual,17035$,0$,Automobile,2014,Acura,Mdx,White,Wagon 4 Dr.,All Wheel Drive,Gasoline,3.5 L 6 cyl,Automatic
325$,5FRYD4H26EB008101,2014 Acura Mdx,#37194123,Copart,США,De - Seaford,Insurance company,C / 3288,2023-05-16,14:00:00,De - Salvage Certificate,Other,Front End,Mechanical,Stationary,159503 mi / actual,15135$,14599$,Automobile,2014,Acura,Mdx,Black,-,All Wheel Drive,Gas,3.5 L 6 cyl,Automatic
8700$,5FRYD4H81EB035307,2014 Acura Mdx Advance,#48511233,Copart,США,Ct - Hartford,Third party,A / 39,2023-05-16,00:00:00,Oh - Certificate Of Title (p),Cds Vehicle,Minor Dent/scratches,Damage History,Run and drive,173612 mi / actual,0$,0$,Automobile,2014,Acura,Mdx Advance,White,4dr Spor,All Wheel Drive,Gas,3.5 L 6 cyl,Automatic
4850$,5FRYD4H28EB047613,2014 Acura Mdx,#36254612,IAAI,США,Md - Dundalk,Insurance company,-,2023-05-10,10:56:41,Md - Salvage - Greater Than 75% Repairable,Collision,Front End,Right Front,Run and drive,109191 mi / actual,16888$,16206$,Automobile,2014,Acura,Mdx,White,Wagon 4 Dr.,All Wheel Drive,Gasoline,3.5 L 6 cyl,Automatic
6550$,5J8TB4H53EL021723,2014 Acura Rdx Tech Pkg,#35763772,IAAI,США,Ok - Tulsa,Insurance company,B / 1,2023-05-16,00:00:00,Ok - Clear,Collision,Rear,-,Run and drive,101537 mi / actual,17504$,12258$,Automobile,2014,Acura,Rdx Tech Pkg,Gray,Wagon 4 Dr.,All Wheel Drive,Gasoline,3.5 L 6 cyl,Automatic
